{
  "trained_at": "2025-06-29T01:43:34.998622",
  "features_count": 17,
  "samples_count": 10060,
  "feature_names": [
    "hour",
    "day_of_week",
    "minute",
    "status_code",
    "method_encoded",
    "path_length",
    "path_depth",
    "ip_numeric",
    "client_id_encoded",
    "is_api_path",
    "is_admin_path",
    "is_auth_path",
    "is_error",
    "is_server_error",
    "is_client_error",
    "is_success",
    "is_redirect"
  ],
  "models_trained": {
    "iforest": "treinado",
    "lof": "treinado",
    "knn": "treinado",
    "ocsvm": "treinado",
    "cblof": "treinado"
  },
  "feature_stats": {
    "mean": {
      "hour": 11.416202783300198,
      "day_of_week": 5.040954274353877,
      "minute": 29.615904572564613,
      "status_code": 201.7505964214712,
      "method_encoded": 2.982107355864811,
      "path_length": 10.386878727634194,
      "path_depth": 2.0049701789264414,
      "ip_numeric": 181941930.81023857,
      "client_id_encoded": 0.0,
      "is_api_path": 1.0,
      "is_admin_path": 0.002385685884691849,
      "is_auth_path": 0.0,
      "is_error": 0.0037773359840954273,
      "is_server_error": 0.0011928429423459245,
      "is_client_error": 0.0037773359840954273,
      "is_success": 0.9950298210735586,
      "is_redirect": 0.0
    },
    "std": {
      "hour": 6.924861660095786,
      "day_of_week": 0.19819416346269952,
      "minute": 17.507369545288824,
      "status_code": 12.45685364552165,
      "method_encoded": 2.006223028590523,
      "path_length": 1.3585790191198794,
      "path_depth": 0.07032757563565332,
      "ip_numeric": 191171514.2287478,
      "client_id_encoded": 0.0,
      "is_api_path": 0.0,
      "is_admin_path": 0.04878761104040311,
      "is_auth_path": 0.0,
      "is_error": 0.061346897366882654,
      "is_server_error": 0.034518669024931906,
      "is_client_error": 0.061346897366882654,
      "is_success": 0.07032757563565332,
      "is_redirect": 0.0
    },
    "min": {
      "hour": 0,
      "day_of_week": 5,
      "minute": 0,
      "status_code": 200,
      "method_encoded": 0,
      "path_length": 9,
      "path_depth": 2,
      "ip_numeric": 168431360,
      "client_id_encoded": 0,
      "is_api_path": 1,
      "is_admin_path": 0,
      "is_auth_path": 0,
      "is_error": 0,
      "is_server_error": 0,
      "is_client_error": 0,
      "is_success": 0,
      "is_redirect": 0
    },
    "max": {
      "hour": 23,
      "day_of_week": 6,
      "minute": 59,
      "status_code": 404,
      "method_encoded": 6,
      "path_length": 19,
      "path_depth": 3,
      "ip_numeric": 2886732543,
      "client_id_encoded": 0,
      "is_api_path": 1,
      "is_admin_path": 1,
      "is_auth_path": 0,
      "is_error": 1,
      "is_server_error": 1,
      "is_client_error": 1,
      "is_success": 1,
      "is_redirect": 0
    }
  },
  "saved_at": "2025-06-29T01:43:35.045148",
  "model_name": "lof"
}